Name,Artist,Album,Track Number
"All I Wanna Do","The Beach Boys","Sunflower","8"
"Our Sweet Love","The Beach Boys","Sunflower","10"
"Forever","The Beach Boys","Sunflower","9"
"Meant for You","The Beach Boys","Friends (2001 - Remaster)","1"
"Friends","The Beach Boys","Friends (2001 - Remaster)","2"
"Wake the World","The Beach Boys","Friends (2001 - Remaster)","3"
"Little Bird","The Beach Boys","Friends (2001 - Remaster)","8"
"Be Still","The Beach Boys","Friends (2001 - Remaster)","9"
"Busy Doin' Nothin'","The Beach Boys","Friends (2001 - Remaster)","10"
"I'd Love Just Once to See You","The Beach Boys","Wild Honey (2001 - Remaster)","7"
"Little Pad","The Beach Boys","Smiley Smile (2001 - Remaster)","5"
"When I Grow Up (To Be a Man)","The Beach Boys","The Beach Boys Today! (2001 - Remaster)","4"
"Please Let Me Wonder","The Beach Boys","The Beach Boys Today! (2001 - Remaster)","7"
"She Knows Me Too Well","The Beach Boys","The Beach Boys Today! (2001 - Remaster)","10"
"I Can Hear Music","The Beach Boys","20/20 (2001 - Remaster)","2"
"All I Want to Do","The Beach Boys","20/20 (2001 - Remaster)","5"
"I Went to Sleep","The Beach Boys","20/20 (2001 - Remaster)","8"
"Surfer Girl","The Beach Boys","Surfer Girl (2001 - Remaster)","1"
"In My Room","The Beach Boys","Surfer Girl (2001 - Remaster)","7"
"You Still Believe In Me (1996 Digital Remaster)","The Beach Boys","Pet Sounds","2"
"Don't Talk (Put Your Head On My Shoulder) (1996 Digital Remaster)","The Beach Boys","Pet Sounds","4"
"I'm Waiting For The Day (1996 Digital Remaster)","The Beach Boys","Pet Sounds","5"
"God Only Knows (1997 Digital Remaster)","The Beach Boys","Pet Sounds","8"
"I Just Wasn't Made For These Times (1996 Digital Remaster)","The Beach Boys","Pet Sounds","11"
"Caroline, No (1996 Digital Remaster)","The Beach Boys","Pet Sounds","13"
"The Warmth Of The Sun (Mono)","The Beach Boys","Endless Summer","4"
"Let Him Run Wild (Mono)","The Beach Boys","Endless Summer","14"